Model,Accuracy
LSTM,0.8309199810028076
GRU,0.8275600075721741
